Regularization,Test Accuracy
-5.0,0.672
-3.666666666666667,0.6496
-2.3333333333333335,0.6584
-1.0,0.6808
0.333333333333333,0.6864
1.666666666666666,0.4912
3.0,0.188
