Regularization,Test_Accuracy
-5.0,0.656
-3.666666666666667,0.6864
-2.3333333333333335,0.676
-1.0,0.672
0.333333333333333,0.6928
1.666666666666666,0.4848
3.0,0.188
