{"accuracy": 0.9112, "precision": 0.9307958477508651, "recall": 0.8834154351395731}